"Data Set Name","MYLIB.MHRN_DX_CODES","Observations",45356
"Member Type","DATA","Variables",52
"Engine","V9","Indexes",0
"Created","01/28/2019 11:25:59","Observation Length",472
"Last Modified","01/28/2019 11:25:59","Deleted Observations",0
"Protection",,"Compressed","NO"
"Data Set Type",,"Sorted","NO"
"Label",,,
"Data Representation","WINDOWS_64",,
"Encoding","wlatin1  Western (Windows)",,

"Engine/Host Dependent Information",
"Data Set Page Size",65536
"Number of Data Set Pages",329
"First Data Page",1
"Max Obs per Page",138
"Obs in First Data Page",122
"Number of Data Set Repairs",0
"ExtendObsCounter","YES"
"Filename","\\home.ghc.org\HOME$\stewcc1\MH_VDW\gitrepo\mhrn_dx_codes.sas7bdat"
"Release Created","9.0401M4"
"Host Created","X64_7PRO"
"Owner Name","CS\C887778"
"File Size","21MB"
"File Size (bytes)",21626880

"Variables in Creation Order",,,,
"#","Variable","Type","Len","Label"
"1","REV","Num",3,"ICD-?-CM Revision (9/10)"
"2","CODE","Char",7,"Code (no dot)"
"3","DESC","Char",256,"Description (ICD-10: Long, ICD-9: Short)"
"4","MEN","Num",3,"Mental disorder typically included in MHRN analyses (1/0)"
"5","DEM","Num",3,"Dementia (1/0)"
"6","ALC","Num",3,"Alcohol use disorder (1/0)"
"7","DRU","Num",3,"Drug use disorder (1/0)"
"8","PSY","Num",3,"Psychotic disorder or symptoms (1/0)"
"9","SCH","Num",3,"Schizophrenia spectrum disorder (1/0)"
"10","OPD","Num",3,"Other (non-schizophrenic) psychotic disorder (1/0)"
"11","AFF","Num",3,"Affective/mood disorder (1/0)"
"12","BIP","Num",3,"Bipolar/manic disorder (1/0)"
"13","DEP","Num",3,"Depressive disorder or symptoms (1/0)"
"14","ANX","Num",3,"Anxiety/adjustment disorder, stress reaction, or anxiety symptoms (1/0)"
"15","PTS","Num",3,"Post-traumatic stress disorder (1/0)"
"16","EAT","Num",3,"Eating disorder (1/0)"
"17","PER","Num",3,"Personality disorder (1/0)"
"18","GEN","Num",3,"Gender identity disorder (1/0)"
"19","ASD","Num",3,"Autism spectrum disorder (1/0)"
"20","PED","Num",3,"Pediatric MH disorder (1/0)"
"21","ADD","Num",3,"Attention deficit disorder (1/0)"
"22","CON","Num",3,"Conduct disorder (1/0)"
"23","REM","Num",3,"Remission (1/0)"
"24","MULTI","Num",3,"MH code appears in multiple standard MHRN subcategories (1/0)"
"25","UNCAT","Num",3,"MH code not assigned to any standard MHRN subcategories (1/0)"
"26","SUI","Num",3,"Suicidal ideation (1/0)"
"27","DSH","Num",3,"Definite self-harm (1/0)"
"28","PSH","Num",3,"Possible self-harm (1/0)"
"29","POI","Num",3,"Poisoning (1/0)"
"30","INJ","Num",3,"Injury (1/0)"
"31","WOU","Num",3,"Wound-type injury (1/0)"
"32","TBI","Num",3,"Traumatic brain injury (1/0)"
"33","SUB","Num",3,"Subsequent encounter (1/0)"
"34","SEQ","Num",3,"Sequela or late effects (1/0)"
"35","CMS06","Num",3,"Code+desc in 2006 CMS release (1/0)"
"36","CMS07","Num",3,"Code+desc in 2007 CMS release (1/0)"
"37","CMS08","Num",3,"Code+desc in 2008 CMS release (1/0)"
"38","CMS09","Num",3,"Code+desc in 2009 CMS release (1/0)"
"39","CMS10","Num",3,"Code+desc in 2010 CMS release (1/0)"
"40","CMS11","Num",3,"Code+desc in 2011 CMS release (1/0)"
"41","CMS12","Num",3,"Code+desc in 2012 CMS release (1/0)"
"42","CMS13","Num",3,"Code+desc in 2013 CMS release (1/0)"
"43","CMS14","Num",3,"Code+desc in 2014 CMS release (1/0)"
"44","CMS15","Num",3,"Code+desc in 2015 CMS release (1/0)"
"45","CMS16","Num",3,"Code+desc in 2016 CMS release (1/0)"
"46","CMS17","Num",3,"Code+desc in 2017 CMS release (1/0)"
"47","CMS18","Num",3,"Code+desc in 2018 CMS release (1/0)"
"48","ICD9_10_QA","Num",8,"Included in MHRN ICD9/10 QA (1/0)"
"49","ICD_QA_CLASS","Char",35,"Classification in original MHRN diagnosis list"
"50","HEDISVS_MI","Num",8,"Included in HEDIS 2018 Mental Illness Value Set (1/0)"
"51","HEDISVS_MH","Num",8,"Included in HEDIS 2018 Mental Health Diagnosis Value Set (1/0)"
"52","HEDISVS_AOD","Num",8,"Included in HEDIS 2018 Alcohol or Drug Diagnosis Value Set (1/0)"

